Military expenditure by country as percentage of gross domestic product, 1988-2014;;;;;;;;;;;;;;;;;;;;;;;;;;;;;;;;;;;;;;;;;;;;;;;;;;;;;;;;;;;;;;;;;;;;;;
Countries are grouped by region and subregion;;;;;;;;;;;;;;;;;;;;;;;;;;;;;;;;;;;;;;;;;;;;;;;;;;;;;;;;;;;;;;;;;;;;;;
Figures in blue are SIPRI estimates. Figures in red indicate highly uncertain data.;;;;;;;;;;;;;;;;;;;;;;;;;;;;;;;;;;;;;;;;;;;;;;;;;;;;;;;;;;;;;;;;;;;;;;
""". ."" = data unavailable. ""xxx"" = country did not exist or was not independent during all or part of the year in question.";;;;;;;;;;;;;;;;;;;;;;;;;;;;;;;;;;;;;;;;;;;;;;;;;;;;;;;;;;;;;;;;;;;;;;
;;;;;;;;;;;;;;;;;;;;;;;;;;;;;;;;;;;;;;;;;;;;;;;;;;;;;;;;;;;;;;;;;;;;;;
Country;Notes;1988;1989;1990;1991;1992;1993;1994;1995;1996;1997;1998;1999;2000;2001;2002;2003;2004;2005;2006;2007;2008;2009;2010;2011;2012;2013;2014;;;;;;;;;;;;;;;;;;;;;;;;;;;;;;;;;;;;;;;;;;
Africa;;;;;;;;;;;;;;;;;;;;;;;;;;;;;;;;;;;;;;;;;;;;;;;;;;;;;;;;;;;;;;;;;;;;;;
North Africa;;;;;;;;;;;;;;;;;;;;;;;;;;;;;;;;;;;;;;;;;;;;;;;;;;;;;;;;;;;;;;;;;;;;;;
Algeria                       ;1;1.7%;1.5%;1.5%;1.2%;2.1%;2.5%;3.1%;2.9%;3.1%;3.6%;4.0%;3.8%;3.4%;3.8%;3.7%;3.3%;3.3%;2.8%;2.6%;2.9%;3.0%;3.8%;3.5%;4.3%;4.5%;5.0%;5.4%;;;;;;;;;;;;;;;;;;;;;;;;;;;;;;;;;;;;;;;;;;
Libya                         ;‡ ¶ 2;. .;. .;. .;. .;. .;. .;. .;. .;. .;4.1%;5.3%;3.8%;3.1%;2.7%;2.2%;1.9%;1.9%;1.4%;1.0%;0.9%;1.2%;. .;. .;. .;3.3%;. .;6.2%;;;;;;;;;;;;;;;;;;;;;;;;;;;;;;;;;;;;;;;;;;
Morocco                       ;3;4.1%;4.4%;4.1%;4.1%;4.3%;4.7%;4.5%;4.3%;3.9%;4.2%;3.6%;3.0%;2.3%;3.9%;3.6%;3.7%;3.4%;3.4%;3.3%;3.2%;3.3%;3.4%;3.5%;3.4%;3.5%;3.9%;3.7%;;;;;;;;;;;;;;;;;;;;;;;;;;;;;;;;;;;;;;;;;;
Tunisia                       ;;2.3%;2.3%;2.0%;2.0%;1.9%;1.9%;1.9%;1.9%;2.0%;1.9%;1.8%;1.7%;1.8%;1.7%;1.7%;1.7%;1.6%;1.5%;1.4%;1.3%;1.3%;1.3%;1.3%;1.5%;1.5%;1.6%;1.8%;;;;;;;;;;;;;;;;;;;;;;;;;;;;;;;;;;;;;;;;;;
Sub-Saharan;;;;;;;;;;;;;;;;;;;;;;;;;;;;;;;;;;;;;;;;;;;;;;;;;;;;;;;;;;;;;;;;;;;;;;
Angola                        ;? 4;. .;. .;. .;. .;5.7%;17.4%;5.7%;4.7%;2.4%;6.0%;2.6%;17.3%;6.4%;4.5%;3.8%;4.8%;4.1%;4.5%;4.4%;3.4%;3.7%;4.3%;4.2%;3.5%;3.6%;4.9%;5.2%;;;;;;;;;;;;;;;;;;;;;;;;;;;;;;;;;;;;;;;;;;
Benin                         ;;2.3%;1.9%;1.7%;. .;. .;. .;. .;. .;. .;. .;. .;0.7%;0.6%;0.5%;0.9%;1.0%;1.0%;1.0%;1.0%;. .;1.0%;. .;. .;. .;1.0%;1.0%;1.0%;;;;;;;;;;;;;;;;;;;;;;;;;;;;;;;;;;;;;;;;;;
Botswana                      ;;4.9%;3.6%;4.4%;4.6%;4.5%;4.9%;4.0%;3.5%;2.9%;3.1%;3.4%;2.9%;3.3%;3.5%;3.7%;3.7%;3.1%;2.9%;2.7%;2.8%;3.0%;3.3%;2.5%;2.4%;2.3%;2.0%;2.0%;;;;;;;;;;;;;;;;;;;;;;;;;;;;;;;;;;;;;;;;;;
Burkina Faso                  ;† 5;2.3%;2.7%;2.7%;2.2%;2.0%;1.9%;1.4%;1.4%;1.3%;1.4%;1.3%;1.4%;1.4%;1.3%;1.3%;1.2%;1.3%;1.4%;1.4%;1.8%;1.5%;1.5%;1.4%;1.4%;1.4%;1.4%;1.3%;;;;;;;;;;;;;;;;;;;;;;;;;;;;;;;;;;;;;;;;;;
Burundi                       ;‡ 6;3.1%;3.3%;3.4%;3.8%;3.6%;3.7%;3.9%;4.2%;5.9%;6.4%;6.6%;6.3%;6.0%;8.0%;7.2%;7.3%;6.6%;4.4%;3.5%;3.4%;2.7%;. .;. .;. .;2.3%;2.2%;2.0%;;;;;;;;;;;;;;;;;;;;;;;;;;;;;;;;;;;;;;;;;;
Cameroon                      ;§;1.3%;1.3%;1.5%;1.5%;1.5%;1.3%;1.3%;1.3%;1.2%;1.3%;1.4%;1.4%;1.3%;1.3%;1.3%;1.4%;1.4%;1.3%;1.4%;1.5%;1.5%;1.5%;1.5%;1.3%;1.3%;1.3%;1.3%;;;;;;;;;;;;;;;;;;;;;;;;;;;;;;;;;;;;;;;;;;
Cape Verde                    ;;1.9%;. .;. .;. .;1.0%;0.8%;0.8%;1.3%;0.8%;0.8%;0.9%;0.8%;1.3%;0.8%;0.7%;0.7%;0.7%;0.7%;0.6%;0.5%;0.5%;0.5%;0.5%;0.5%;0.5%;0.5%;0.6%;;;;;;;;;;;;;;;;;;;;;;;;;;;;;;;;;;;;;;;;;;
Central African Rep.          ;‡ 7;. .;. .;. .;1.6%;1.6%;1.5%;1.3%;1.2%;1.2%;. .;. .;. .;. .;. .;1.0%;1.3%;1.2%;1.1%;. .;1.1%;1.5%;1.7%;2.5%;. .;. .;. .;. .;;;;;;;;;;;;;;;;;;;;;;;;;;;;;;;;;;;;;;;;;;
Chad                          ;;5.5%;4.2%;2.1%;. .;2.1%;2.7%;1.9%;1.4%;1.5%;1.1%;0.9%;1.4%;1.5%;1.5%;1.7%;1.5%;1.1%;0.9%;3.5%;5.5%;7.1%;10.5%;7.6%;6.6%;. .;. .;. .;;;;;;;;;;;;;;;;;;;;;;;;;;;;;;;;;;;;;;;;;;
Congo                         ;§;. .;. .;. .;. .;4.3%;4.1%;. .;. .;. .;. .;. .;. .;. .;1.9%;2.3%;2.6%;2.9%;1.7%;1.7%;2.2%;2.0%;. .;2.0%;. .;. .;3.0%;5.6%;;;;;;;;;;;;;;;;;;;;;;;;;;;;;;;;;;;;;;;;;;
Congo, Dem. Rep.              ;8;. .;. .;. .;. .;. .;. .;. .;. .;1.5%;1.4%;0.4%;1.2%;1.0%;. .;. .;1.4%;2.1%;2.3%;2.4%;2.1%;1.4%;1.1%;1.4%;1.5%;2.1%;2.0%;2.0%;;;;;;;;;;;;;;;;;;;;;;;;;;;;;;;;;;;;;;;;;;
Côte d’Ivoire                 ;9;1.2%;1.3%;1.3%;1.4%;1.4%;1.4%;1.1%;. .;0.9%;0.8%;. .;. .;. .;. .;. .;1.4%;1.5%;1.5%;1.5%;1.6%;1.6%;1.8%;1.7%;1.5%;1.7%;. .;. .;;;;;;;;;;;;;;;;;;;;;;;;;;;;;;;;;;;;;;;;;;
Djibouti                      ;;. .;. .;. .;6.7%;6.8%;6.2%;5.8%;5.8%;5.1%;5.5%;5.7%;5.5%;5.1%;. .;. .;. .;5.6%;6.3%;6.4%;4.1%;3.7%;. .;. .;. .;. .;. .;. .;;;;;;;;;;;;;;;;;;;;;;;;;;;;;;;;;;;;;;;;;;
Equatorial Guinea             ;;. .;. .;. .;. .;. .;. .;1.9%;2.1%;. .;. .;. .;. .;. .;. .;. .;. .;. .;. .;. .;1.8%;1.9%;3.7%;. .;. .;. .;. .;1.0%;;;;;;;;;;;;;;;;;;;;;;;;;;;;;;;;;;;;;;;;;;
Eritrea                       ;? 10;xxx;xxx;xxx;xxx;xxx;21.3%;12.7%;19.5%;20.3%;11.9%;32.5%;34.4%;32.7%;22.1%;20.7%;20.9%;. .;. .;. .;. .;. .;. .;. .;. .;. .;. .;. .;;;;;;;;;;;;;;;;;;;;;;;;;;;;;;;;;;;;;;;;;;
Ethiopia                      ;11;8.3%;9.9%;9.0%;5.5%;3.0%;3.0%;2.6%;2.1%;1.9%;3.4%;6.3%;8.9%;7.5%;4.4%;3.5%;3.0%;2.8%;2.5%;2.0%;1.5%;1.3%;1.1%;1.0%;0.9%;0.8%;0.7%;0.7%;;;;;;;;;;;;;;;;;;;;;;;;;;;;;;;;;;;;;;;;;;
Gabon                         ;12;. .;. .;. .;. .;. .;. .;. .;. .;. .;. .;. .;. .;1.8%;1.9%;1.9%;1.8%;1.7%;1.3%;1.1%;1.1%;. .;. .;0.9%;. .;1.4%;1.4%;. .;;;;;;;;;;;;;;;;;;;;;;;;;;;;;;;;;;;;;;;;;;
Gambia                        ;‡ 13;1.1%;1.3%;1.4%;1.6%;1.3%;0.9%;0.8%;1.0%;1.2%;1.3%;1.2%;1.0%;1.0%;0.9%;1.0%;1.1%;0.4%;0.5%;0.4%;0.6%;1.7%;0.7%;. .;. .;1.2%;1.1%;1.6%;;;;;;;;;;;;;;;;;;;;;;;;;;;;;;;;;;;;;;;;;;
Ghana                         ;? 14;0.4%;0.4%;0.4%;0.6%;0.6%;0.7%;0.7%;0.8%;0.6%;0.7%;0.7%;0.7%;1.1%;0.7%;0.6%;0.7%;0.6%;0.6%;0.6%;0.8%;0.6%;0.7%;0.6%;0.9%;1.2%;0.8%;0.7%;;;;;;;;;;;;;;;;;;;;;;;;;;;;;;;;;;;;;;;;;;
Guinea                        ;15;. .;. .;. .;2.4%;1.7%;1.3%;1.4%;. .;. .;1.2%;1.3%;1.6%;1.5%;2.9%;3.1%;2.4%;2.2%;. .;. .;. .;. .;. .;. .;. .;3.0%;3.1%;3.8%;;;;;;;;;;;;;;;;;;;;;;;;;;;;;;;;;;;;;;;;;;
Guinea-Bissau                 ;? 16;. .;0.2%;. .;. .;. .;. .;0.3%;0.5%;0.6%;0.7%;1.4%;. .;2.3%;1.6%;1.6%;1.6%;. .;2.1%;. .;. .;. .;1.7%;2.0%;1.8%;1.8%;. .;. .;;;;;;;;;;;;;;;;;;;;;;;;;;;;;;;;;;;;;;;;;;
Kenya                         ;;2.9%;2.7%;2.9%;2.4%;1.9%;1.8%;1.6%;1.6%;1.4%;1.3%;1.2%;1.2%;1.3%;1.5%;1.6%;1.7%;1.6%;1.7%;1.7%;1.8%;1.9%;1.9%;1.9%;1.9%;2.1%;2.0%;1.7%;;;;;;;;;;;;;;;;;;;;;;;;;;;;;;;;;;;;;;;;;;
Lesotho                       ;;3.8%;4.9%;4.5%;3.8%;2.9%;2.7%;3.1%;3.7%;3.0%;2.8%;3.4%;4.3%;4.0%;3.3%;3.0%;2.8%;2.5%;2.5%;2.5%;2.5%;1.7%;2.8%;3.2%;2.3%;2.3%;2.2%;2.2%;;;;;;;;;;;;;;;;;;;;;;;;;;;;;;;;;;;;;;;;;;
Liberia                       ;17;. .;. .;. .;. .;. .;. .;. .;. .;. .;. .;. .;. .;. .;. .;. .;. .;0.5%;1.2%;0.5%;0.4%;0.4%;0.6%;0.7%;0.9%;0.8%;0.8%;0.8%;;;;;;;;;;;;;;;;;;;;;;;;;;;;;;;;;;;;;;;;;;
Madagascar                    ;? 18;1.3%;1.2%;1.2%;1.3%;0.8%;1.1%;0.9%;0.9%;1.2%;1.5%;1.3%;1.2%;1.2%;1.4%;1.3%;1.3%;1.2%;1.1%;1.0%;1.1%;1.1%;0.8%;0.7%;0.7%;0.7%;0.7%;0.7%;;;;;;;;;;;;;;;;;;;;;;;;;;;;;;;;;;;;;;;;;;
Malawi                        ;;1.5%;1.5%;1.3%;1.1%;1.4%;1.3%;1.4%;0.8%;0.9%;1.0%;0.8%;0.8%;0.7%;0.7%;0.4%;0.4%;0.6%;1.0%;0.8%;0.8%;0.8%;0.9%;0.7%;0.7%;0.9%;1.3%;0.9%;;;;;;;;;;;;;;;;;;;;;;;;;;;;;;;;;;;;;;;;;;
Mali                          ;¶;2.2%;2.1%;2.0%;. .;. .;1.6%;1.4%;1.5%;1.4%;1.5%;1.4%;1.5%;1.6%;1.5%;1.5%;1.6%;1.6%;1.6%;1.6%;1.5%;1.6%;1.6%;1.6%;1.5%;1.4%;1.3%;1.4%;;;;;;;;;;;;;;;;;;;;;;;;;;;;;;;;;;;;;;;;;;
Mauritania                    ;‡ 19 ;4.5%;4.0%;3.8%;3.6%;2.7%;2.4%;2.2%;2.3%;2.6%;3.0%;1.9%;2.3%;2.9%;4.0%;2.7%;4.0%;3.8%;3.1%;2.7%;. .;3.5%;4.0%;. .;. .;4.0%;3.9%;3.8%;;;;;;;;;;;;;;;;;;;;;;;;;;;;;;;;;;;;;;;;;;
Mauritius                     ;;0.2%;0.3%;0.3%;0.4%;0.4%;0.3%;0.3%;0.3%;0.3%;0.2%;0.2%;0.2%;0.2%;0.2%;0.2%;0.2%;0.2%;0.2%;0.2%;0.1%;0.2%;0.2%;0.2%;0.2%;0.1%;0.2%;0.3%;;;;;;;;;;;;;;;;;;;;;;;;;;;;;;;;;;;;;;;;;;
Mozambique                    ;? 20;5.3%;5.9%;5.9%;2.6%;3.0%;2.9%;3.3%;1.5%;1.1%;1.1%;1.1%;1.2%;1.3%;1.2%;1.3%;1.3%;1.4%;0.9%;0.8%;0.9%;0.8%;0.9%;1.1%;0.9%;1.0%;1.0%;1.0%;;;;;;;;;;;;;;;;;;;;;;;;;;;;;;;;;;;;;;;;;;
Namibia                       ;21;xxx;xxx;8.1%;5.6%;4.3%;2.5%;1.8%;1.9%;1.9%;2.3%;2.3%;3.1%;2.7%;3.0%;2.6%;2.6%;2.5%;2.6%;2.5%;2.6%;3.0%;3.4%;3.6%;3.5%;3.2%;3.2%;4.6%;;;;;;;;;;;;;;;;;;;;;;;;;;;;;;;;;;;;;;;;;;
Niger                         ;;. .;. .;. .;. .;. .;. .;1.2%;1.0%;0.9%;0.9%;1.1%;1.2%;1.2%;1.3%;1.0%;0.9%;1.1%;1.0%;. .;. .;1.0%;1.0%;1.2%;1.3%;1.0%;. .;. .;;;;;;;;;;;;;;;;;;;;;;;;;;;;;;;;;;;;;;;;;;
Nigeria                       ;22;0.9%;0.6%;0.8%;0.8%;0.6%;0.9%;0.8%;0.7%;0.6%;0.6%;0.9%;1.4%;0.8%;1.3%;1.6%;0.9%;0.7%;0.6%;0.5%;0.6%;0.8%;0.9%;0.5%;0.6%;0.5%;0.5%;0.4%;;;;;;;;;;;;;;;;;;;;;;;;;;;;;;;;;;;;;;;;;;
Rwanda                        ;23;1.6%;1.8%;3.7%;5.5%;4.3%;4.5%;3.4%;4.4%;5.3%;4.2%;4.4%;4.4%;3.5%;3.4%;3.0%;2.4%;2.0%;1.7%;1.8%;1.5%;1.4%;1.4%;1.3%;1.2%;1.1%;1.1%;1.1%;;;;;;;;;;;;;;;;;;;;;;;;;;;;;;;;;;;;;;;;;;
Senegal                       ;§ ¶ 24;2.0%;1.9%;2.0%;1.9%;1.8%;2.1%;1.7%;1.7%;1.6%;1.5%;1.5%;1.5%;1.3%;1.4%;1.4%;1.4%;1.3%;1.4%;1.6%;1.7%;1.6%;1.7%;1.5%;1.6%;1.4%;1.6%;1.5%;;;;;;;;;;;;;;;;;;;;;;;;;;;;;;;;;;;;;;;;;;
Seychelles                    ;;4.3%;4.3%;4.0%;4.4%;4.7%;2.8%;2.4%;2.3%;2.1%;2.0%;1.7%;1.8%;1.7%;1.8%;1.7%;1.7%;1.9%;1.6%;1.4%;1.5%;1.2%;1.0%;0.7%;0.8%;0.9%;1.0%;1.1%;;;;;;;;;;;;;;;;;;;;;;;;;;;;;;;;;;;;;;;;;;
Sierra Leone                  ;25;0.7%;1.0%;1.4%;2.1%;3.0%;3.0%;2.9%;2.9%;2.0%;1.1%;. .;. .;3.7%;2.8%;2.2%;2.1%;1.6%;1.4%;1.5%;1.4%;1.0%;1.1%;1.0%;0.9%;0.6%;0.5%;0.6%;;;;;;;;;;;;;;;;;;;;;;;;;;;;;;;;;;;;;;;;;;
Somalia                       ;26;. .;. .;. .;. .;. .;. .;. .;. .;. .;. .;. .;. .;. .;. .;. .;. .;. .;. .;. .;. .;. .;. .;. .;. .;. .;. .;. .;;;;;;;;;;;;;;;;;;;;;;;;;;;;;;;;;;;;;;;;;;
South Africa                  ;;4.6%;4.4%;3.9%;3.2%;2.8%;2.5%;2.6%;2.2%;1.8%;1.6%;1.4%;1.3%;1.4%;1.5%;1.6%;1.5%;1.4%;1.4%;1.3%;1.2%;1.2%;1.3%;1.2%;1.1%;1.2%;1.2%;1.2%;;;;;;;;;;;;;;;;;;;;;;;;;;;;;;;;;;;;;;;;;;
South Sudan;27;xxx;xxx;xxx;xxx;xxx;xxx;xxx;xxx;xxx;xxx;xxx;xxx;xxx;xxx;xxx;xxx;. .;. .;. .;. .;5.9%;5.1%;4.3%;5.8%;9.9%;7.2%;9.3%;;;;;;;;;;;;;;;;;;;;;;;;;;;;;;;;;;;;;;;;;;
Sudan                         ;‡ ? 28;3.6%;. .;3.5%;3.6%;3.2%;3.6%;2.8%;2.3%;1.3%;1.0%;2.4%;4.0%;4.5%;2.5%;2.7%;1.9%;4.7%;3.3%;3.4%;. .;. .;. .;. .;. .;. .;. .;. .;;;;;;;;;;;;;;;;;;;;;;;;;;;;;;;;;;;;;;;;;;
Swaziland                     ;‡ 29;1.3%;1.4%;1.3%;1.4%;1.6%;1.7%;1.8%;1.7%;1.7%;1.5%;1.6%;1.7%;1.6%;1.5%;1.5%;1.8%;1.8%;2.3%;2.0%;2.0%;2.2%;2.4%;2.6%;2.6%;2.3%;2.3%;2.2%;;;;;;;;;;;;;;;;;;;;;;;;;;;;;;;;;;;;;;;;;;
Tanzania                      ;;1.4%;2.4%;2.0%;2.2%;2.1%;1.4%;1.3%;1.6%;1.6%;1.5%;1.6%;1.5%;1.5%;1.5%;1.3%;1.1%;1.0%;1.0%;1.0%;1.0%;0.9%;1.0%;1.2%;1.3%;1.3%;1.2%;1.3%;;;;;;;;;;;;;;;;;;;;;;;;;;;;;;;;;;;;;;;;;;
Togo                          ;;3.1%;3.1%;3.1%;2.9%;2.9%;4.0%;2.6%;2.0%;. .;. .;. .;. .;. .;. .;. .;1.7%;1.6%;1.6%;. .;. .;1.8%;. .;1.8%;1.6%;. .;. .;. .;;;;;;;;;;;;;;;;;;;;;;;;;;;;;;;;;;;;;;;;;;
Uganda                        ;;2.5%;2.7%;3.0%;2.5%;1.7%;1.9%;2.0%;2.1%;2.2%;2.1%;2.4%;2.7%;2.5%;2.3%;2.3%;2.4%;2.5%;2.4%;2.2%;2.0%;2.2%;2.0%;3.8%;3.9%;1.8%;1.4%;1.3%;;;;;;;;;;;;;;;;;;;;;;;;;;;;;;;;;;;;;;;;;;
Zambia                        ;;2.4%;4.2%;3.7%;2.6%;3.0%;1.6%;1.9%;1.6%;1.2%;1.1%;. .;1.8%;. .;. .;. .;. .;1.7%;1.8%;1.7%;2.1%;2.1%;1.7%;1.6%;1.5%;1.5%;1.6%;1.8%;;;;;;;;;;;;;;;;;;;;;;;;;;;;;;;;;;;;;;;;;;
Zimbabwe                      ;? 30;. .;. .;. .;. .;. .;. .;. .;. .;. .;. .;. .;. .;3.5%;3.0%;7.3%;2.4%;3.2%;1.7%;2.3%;. .;. .;. .;1.0%;1.8%;2.6%;2.7%;2.7%;;;;;;;;;;;;;;;;;;;;;;;;;;;;;;;;;;;;;;;;;;
Americas;;;;;;;;;;;;;;;;;;;;;;;;;;;;;;;;;;;;;;;;;;;;;;;;;;;;;;;;;;;;;;;;;;;;;;
Central America and the Caribbean;;;;;;;;;;;;;;;;;;;;;;;;;;;;;;;;;;;;;;;;;;;;;;;;;;;;;;;;;;;;;;;;;;;;;;
Belize                       ;;. .;1.2%;1.2%;1.1%;1.0%;1.1%;1.4%;1.3%;1.2%;1.4%;. .;0.8%;0.9%;0.9%;0.8%;0.9%;0.9%;1.0%;1.0%;1.1%;1.4%;1.3%;1.1%;1.0%;1.0%;1.0%;1.1%;;;;;;;;;;;;;;;;;;;;;;;;;;;;;;;;;;;;;;;;;;
Costa Rica                   ;31;. .;. .;. .;. .;. .;. .;. .;. .;. .;. .;. .;. .;. .;. .;. .;. .;. .;. .;. .;. .;. .;. .;. .;. .;. .;. .;. .;;;;;;;;;;;;;;;;;;;;;;;;;;;;;;;;;;;;;;;;;;
Cuba                         ;32;. .;. .;. .;. .;. .;. .;. .;. .;. .;. .;. .;. .;. .;. .;. .;. .;. .;. .;. .;. .;. .;. .;. .;. .;. .;. .;. .;;;;;;;;;;;;;;;;;;;;;;;;;;;;;;;;;;;;;;;;;;
Dominican Rep.               ;;0.9%;0.8%;0.7%;0.3%;0.6%;0.8%;0.7%;0.5%;0.6%;0.8%;0.8%;0.8%;1.0%;1.2%;1.1%;0.8%;0.7%;0.8%;0.7%;0.7%;0.7%;0.7%;0.7%;0.6%;0.6%;0.6%;0.6%;;;;;;;;;;;;;;;;;;;;;;;;;;;;;;;;;;;;;;;;;;
El Salvador                  ;33;7.7%;7.6%;4.2%;3.5%;3.0%;2.4%;2.0%;1.7%;1.6%;1.5%;1.3%;1.3%;1.3%;1.4%;1.4%;1.1%;1.0%;1.0%;1.0%;1.0%;1.0%;1.0%;1.1%;1.1%;1.1%;1.1%;1.0%;;;;;;;;;;;;;;;;;;;;;;;;;;;;;;;;;;;;;;;;;;
Guatemala                    ;;1.6%;1.5%;1.5%;1.1%;1.3%;1.1%;1.1%;1.0%;0.8%;0.7%;0.7%;0.7%;0.8%;1.1%;0.8%;0.8%;0.5%;0.4%;0.4%;0.4%;0.4%;0.4%;0.4%;0.4%;0.4%;0.5%;0.4%;;;;;;;;;;;;;;;;;;;;;;;;;;;;;;;;;;;;;;;;;;
Haiti                        ;34;0.1%;0.1%;0.1%;0.1%;0.1%;0.1%;0.1%;0.1%;. .;. .;. .;. .;. .;. .;. .;. .;. .;. .;. .;. .;. .;. .;. .;. .;. .;. .;. .;;;;;;;;;;;;;;;;;;;;;;;;;;;;;;;;;;;;;;;;;;
Honduras                     ;35;. .;. .;. .;. .;. .;. .;. .;. .;. .;. .;. .;. .;0.7%;0.8%;0.8%;1.0%;0.7%;0.6%;0.7%;0.8%;1.0%;1.1%;1.1%;1.1%;1.0%;1.2%;1.3%;;;;;;;;;;;;;;;;;;;;;;;;;;;;;;;;;;;;;;;;;;
Jamaica                      ;;. .;0.5%;0.6%;0.5%;0.8%;0.6%;0.4%;0.5%;0.6%;0.7%;0.5%;0.5%;0.5%;0.5%;0.6%;0.6%;0.5%;0.5%;0.6%;0.7%;1.0%;0.9%;0.9%;0.9%;0.9%;0.9%;0.9%;;;;;;;;;;;;;;;;;;;;;;;;;;;;;;;;;;;;;;;;;;
Mexico                       ;;0.5%;0.5%;0.5%;0.5%;0.6%;0.6%;0.7%;0.6%;0.6%;0.6%;0.6%;0.6%;0.6%;0.6%;0.5%;0.5%;0.4%;0.4%;0.4%;0.5%;0.4%;0.5%;0.6%;0.6%;0.6%;0.6%;0.7%;;;;;;;;;;;;;;;;;;;;;;;;;;;;;;;;;;;;;;;;;;
Nicaragua                    ;36;. .;. .;. .;4.0%;2.6%;2.1%;1.2%;1.1%;0.9%;0.9%;0.7%;0.7%;0.8%;0.7%;0.9%;0.9%;0.7%;0.7%;0.5%;0.5%;0.5%;0.5%;0.5%;0.5%;0.7%;0.8%;0.7%;;;;;;;;;;;;;;;;;;;;;;;;;;;;;;;;;;;;;;;;;;
Panama                       ;37;2.1%;2.1%;1.3%;1.2%;1.1%;1.2%;1.2%;1.1%;1.1%;1.2%;1.0%;1.0%;. .;. .;. .;. .;. .;. .;. .;. .;. .;. .;. .;. .;. .;. .;. .;;;;;;;;;;;;;;;;;;;;;;;;;;;;;;;;;;;;;;;;;;
Trinidad & Tobago;;. .;. .;. .;. .;0.1%;0.5%;0.5%;. .;. .;. .;. .;. .;0.0%;0.2%;0.2%;0.3%;0.6%;0.6%;0.6%;0.6%;0.5%;0.7%;0.7%;0.6%;0.7%;0.9%;0.8%;;;;;;;;;;;;;;;;;;;;;;;;;;;;;;;;;;;;;;;;;;
North America;;;;;;;;;;;;;;;;;;;;;;;;;;;;;;;;;;;;;;;;;;;;;;;;;;;;;;;;;;;;;;;;;;;;;;
Canada                        ;;2.0%;1.9%;2.0%;1.9%;1.9%;1.8%;1.7%;1.6%;1.4%;1.2%;1.3%;1.2%;1.1%;1.2%;1.2%;1.1%;1.1%;1.1%;1.2%;1.2%;1.3%;1.4%;1.2%;1.2%;1.1%;1.0%;1.0%;;;;;;;;;;;;;;;;;;;;;;;;;;;;;;;;;;;;;;;;;;
USA                           ;38;5.7%;5.5%;5.3%;4.6%;4.7%;4.3%;3.9%;3.6%;3.4%;3.2%;3.0%;2.9%;2.9%;2.9%;3.2%;3.6%;3.8%;3.8%;3.8%;3.8%;4.2%;4.6%;4.7%;4.6%;4.2%;3.8%;3.5%;;;;;;;;;;;;;;;;;;;;;;;;;;;;;;;;;;;;;;;;;;
South America;;;;;;;;;;;;;;;;;;;;;;;;;;;;;;;;;;;;;;;;;;;;;;;;;;;;;;;;;;;;;;;;;;;;;;
Argentina                     ;;2.0%;1.8%;1.4%;1.4%;1.3%;1.3%;1.5%;1.5%;1.2%;1.1%;1.1%;1.2%;1.1%;1.2%;1.1%;1.1%;1.0%;0.9%;0.9%;0.9%;0.8%;1.0%;0.9%;0.9%;1.0%;1.1%;1.0%;;;;;;;;;;;;;;;;;;;;;;;;;;;;;;;;;;;;;;;;;;
Bolivia                       ;39;. .;2.2%;2.8%;2.7%;2.5%;1.9%;2.3%;2.1%;2.0%;2.3%;2.7%;2.1%;2.1%;2.3%;2.0%;2.2%;1.9%;1.8%;1.6%;1.7%;2.0%;2.0%;1.7%;1.5%;1.5%;1.5%;1.4%;;;;;;;;;;;;;;;;;;;;;;;;;;;;;;;;;;;;;;;;;;
Brazil                        ;;2.1%;2.7%;2.4%;2.0%;1.5%;1.9%;2.0%;1.9%;1.7%;1.6%;1.7%;1.7%;1.8%;2.0%;1.9%;1.5%;1.5%;1.5%;1.5%;1.5%;1.5%;1.6%;1.6%;1.5%;1.5%;1.5%;1.4%;;;;;;;;;;;;;;;;;;;;;;;;;;;;;;;;;;;;;;;;;;
Chile                         ;§ 40;4.3%;3.5%;3.4%;2.8%;2.6%;2.7%;2.6%;2.6%;2.4%;2.5%;2.6%;2.7%;2.7%;2.7%;2.5%;2.4%;2.5%;2.4%;2.4%;2.3%;2.5%;2.2%;2.2%;2.2%;2.1%;1.9%;2.0%;;;;;;;;;;;;;;;;;;;;;;;;;;;;;;;;;;;;;;;;;;
Colombia                      ;41;2.0%;2.2%;1.9%;1.9%;2.1%;2.5%;2.5%;2.8%;4.4%;2.8%;3.4%;3.8%;3.0%;3.3%;3.4%;3.5%;3.5%;3.4%;3.3%;3.3%;3.7%;3.9%;3.6%;3.1%;3.2%;3.4%;3.4%;;;;;;;;;;;;;;;;;;;;;;;;;;;;;;;;;;;;;;;;;;
Ecuador                       ;42;2.0%;1.9%;1.9%;1.8%;1.7%;1.8%;1.6%;2.3%;2.0%;2.1%;2.4%;1.8%;1.5%;1.6%;1.8%;2.3%;1.9%;2.3%;2.0%;2.6%;2.7%;3.2%;3.1%;3.1%;2.8%;2.8%;2.7%;;;;;;;;;;;;;;;;;;;;;;;;;;;;;;;;;;;;;;;;;;
Guyana                        ;‡ 43;2.0%;1.2%;0.9%;0.6%;1.0%;1.0%;1.0%;0.9%;0.8%;. .;. .;. .;1.8%;2.0%;2.3%;2.2%;2.8%;2.2%;2.1%;2.3%;2.6%;2.5%;1.4%;1.3%;1.2%;1.2%;1.2%;;;;;;;;;;;;;;;;;;;;;;;;;;;;;;;;;;;;;;;;;;
Paraguay                      ;44;. .;1.9%;1.7%;2.1%;2.0%;1.5%;1.5%;1.7%;1.5%;1.8%;1.6%;1.5%;1.4%;1.3%;1.2%;1.0%;1.1%;0.9%;1.1%;1.0%;1.0%;1.1%;1.1%;1.2%;1.3%;1.4%;1.5%;;;;;;;;;;;;;;;;;;;;;;;;;;;;;;;;;;;;;;;;;;
Peru                          ;45;. .;0.2%;0.1%;1.2%;1.8%;1.9%;1.8%;1.9%;1.8%;2.0%;2.0%;1.9%;1.7%;1.7%;1.5%;1.5%;1.3%;1.4%;1.3%;1.1%;1.1%;1.4%;1.3%;1.1%;1.2%;1.5%;1.4%;;;;;;;;;;;;;;;;;;;;;;;;;;;;;;;;;;;;;;;;;;
Uruguay                       ;;3.2%;3.5%;3.5%;2.4%;2.8%;2.8%;2.6%;2.7%;2.8%;2.4%;2.3%;2.4%;2.5%;2.5%;2.5%;2.3%;2.1%;2.1%;2.1%;1.8%;2.0%;2.1%;2.0%;1.8%;1.8%;1.9%;1.7%;;;;;;;;;;;;;;;;;;;;;;;;;;;;;;;;;;;;;;;;;;
Venezuela                     ;? 46;. .;. .;. .;1.8%;1.6%;2.1%;1.6%;1.5%;1.0%;1.8%;1.6%;1.4%;1.5%;1.6%;1.2%;1.2%;1.3%;1.4%;1.6%;1.3%;1.4%;1.2%;0.9%;0.8%;1.3%;1.5%;1.1%;;;;;;;;;;;;;;;;;;;;;;;;;;;;;;;;;;;;;;;;;;
Asia & Oceania;;;;;;;;;;;;;;;;;;;;;;;;;;;;;;;;;;;;;;;;;;;;;;;;;;;;;;;;;;;;;;;;;;;;;;
Central Asia;;;;;;;;;;;;;;;;;;;;;;;;;;;;;;;;;;;;;;;;;;;;;;;;;;;;;;;;;;;;;;;;;;;;;;
Kazakhstan                    ;;xxx;xxx;xxx;xxx;. .;1.1%;0.8%;1.0%;1.2%;1.1%;1.1%;0.9%;0.8%;1.0%;1.1%;1.1%;1.0%;1.0%;1.0%;1.3%;1.1%;1.1%;1.1%;1.0%;1.1%;1.1%;1.1%;;;;;;;;;;;;;;;;;;;;;;;;;;;;;;;;;;;;;;;;;;
Kyrgyzstan                    ;47;xxx;xxx;xxx;xxx;1.6%;1.5%;2.6%;3.5%;3.0%;3.1%;2.7%;2.6%;2.9%;2.3%;2.7%;2.9%;2.8%;3.1%;3.2%;3.1%;2.9%;3.2%;3.8%;3.4%;3.2%;3.2%;3.5%;;;;;;;;;;;;;;;;;;;;;;;;;;;;;;;;;;;;;;;;;;
Tajikistan                    ;;xxx;xxx;xxx;xxx;0.0%;0.0%;0.0%;1.1%;1.3%;1.7%;1.7%;1.4%;1.2%;1.2%;2.1%;2.2%;2.2%;. .;. .;. .;1.0%;1.0%;1.0%;1.1%;1.0%;. .;1.1%;;;;;;;;;;;;;;;;;;;;;;;;;;;;;;;;;;;;;;;;;;
Turkmenistan                  ;48;xxx;xxx;xxx;xxx;. .;. .;1.8%;2.3%;2.0%;4.0%;3.1%;2.9%;. .;. .;. .;. .;. .;. .;. .;. .;. .;. .;. .;. .;. .;. .;. .;;;;;;;;;;;;;;;;;;;;;;;;;;;;;;;;;;;;;;;;;;
Uzbekistan                    ;49;xxx;xxx;xxx;xxx;. .;. .;1.5%;1.1%;1.2%;1.4%;. .;1.6%;1.2%;0.8%;0.6%;0.5%;. .;. .;. .;. .;. .;. .;. .;. .;. .;. .;. .;;;;;;;;;;;;;;;;;;;;;;;;;;;;;;;;;;;;;;;;;;
East Asia;;;;;;;;;;;;;;;;;;;;;;;;;;;;;;;;;;;;;;;;;;;;;;;;;;;;;;;;;;;;;;;;;;;;;;
Brunei                        ;50;6.6%;6.2%;6.4%;6.4%;6.2%;5.7%;6.0%;5.5%;6.2%;7.2%;7.5%;6.1%;5.7%;5.2%;5.3%;3.7%;2.5%;2.6%;2.6%;2.6%;2.5%;3.3%;3.2%;2.5%;2.4%;2.6%;3.1%;;;;;;;;;;;;;;;;;;;;;;;;;;;;;;;;;;;;;;;;;;
Cambodia                      ;;1.3%;2.0%;2.1%;2.3%;3.1%;1.8%;3.8%;3.6%;3.2%;3.0%;2.7%;2.5%;2.2%;1.8%;1.6%;1.5%;1.3%;1.2%;1.3%;1.1%;1.2%;2.3%;1.6%;1.6%;1.5%;1.6%;1.6%;;;;;;;;;;;;;;;;;;;;;;;;;;;;;;;;;;;;;;;;;;
China, P. R.                  ;51;. .;2.5%;2.5%;2.4%;2.5%;2.0%;1.7%;1.7%;1.7%;1.6%;1.7%;1.9%;1.9%;2.07%;2.17%;2.11%;2.06%;2.02%;2.03%;2.05%;2.02%;2.19%;2.07%;2.01%;2.02%;2.02%;2.06%;;;;;;;;;;;;;;;;;;;;;;;;;;;;;;;;;;;;;;;;;;
Indonesia                     ;52;1.5%;1.4%;1.4%;1.3%;1.4%;1.2%;1.3%;1.2%;1.3%;1.5%;1.0%;0.8%;0.7%;0.6%;0.7%;0.9%;0.9%;0.8%;0.7%;0.8%;0.6%;0.6%;0.7%;0.7%;0.9%;1.0%;0.8%;;;;;;;;;;;;;;;;;;;;;;;;;;;;;;;;;;;;;;;;;;
Japan                         ;† 53;0.9%;0.8%;0.8%;0.8%;0.9%;0.9%;0.9%;0.9%;0.9%;0.9%;0.9%;1.0%;1.0%;1.0%;1.0%;1.0%;1.0%;1.0%;1.0%;1.0%;1.0%;1.0%;1.0%;1.0%;1.0%;1.0%;1.0%;;;;;;;;;;;;;;;;;;;;;;;;;;;;;;;;;;;;;;;;;;
Korea, North                  ;54;. .;. .;. .;. .;. .;. .;. .;. .;. .;. .;. .;. .;. .;. .;. .;. .;. .;. .;. .;. .;. .;. .;. .;. .;. .;. .;. .;;;;;;;;;;;;;;;;;;;;;;;;;;;;;;;;;;;;;;;;;;
Korea, South                  ;55;4.3%;4.3%;4.0%;3.7%;3.7%;3.4%;3.2%;3.1%;2.9%;2.9%;2.9%;2.6%;2.5%;2.4%;2.3%;2.3%;2.3%;2.5%;2.5%;2.5%;2.6%;2.7%;2.5%;2.6%;2.6%;2.6%;2.6%;;;;;;;;;;;;;;;;;;;;;;;;;;;;;;;;;;;;;;;;;;
Laos                          ;;. .;. .;. .;10.0%;8.7%;8.1%;7.5%;5.8%;4.2%;3.8%;2.6%;1.1%;0.8%;0.7%;0.6%;0.6%;0.5%;0.4%;0.4%;0.4%;0.3%;0.3%;0.2%;0.2%;0.2%;. .;. .;;;;;;;;;;;;;;;;;;;;;;;;;;;;;;;;;;;;;;;;;;
Malaysia                      ;;2.4%;2.6%;2.6%;3.2%;3.0%;2.9%;2.8%;2.8%;2.4%;2.1%;1.6%;2.1%;1.6%;2.1%;2.2%;2.6%;2.3%;2.2%;2.0%;2.1%;1.9%;2.0%;1.6%;1.7%;1.5%;1.5%;1.5%;;;;;;;;;;;;;;;;;;;;;;;;;;;;;;;;;;;;;;;;;;
Mongolia                      ;;6.3%;6.3%;4.3%;3.2%;1.9%;1.7%;1.7%;1.6%;1.8%;1.6%;1.9%;1.8%;2.0%;1.8%;1.8%;1.5%;1.4%;1.2%;1.1%;1.3%;1.2%;0.8%;0.9%;1.0%;1.1%;. .;. .;;;;;;;;;;;;;;;;;;;;;;;;;;;;;;;;;;;;;;;;;;
Myanmar                       ;56;2.1%;3.0%;3.4%;3.2%;3.4%;3.5%;3.5%;3.7%;3.5%;2.7%;2.3%;2.0%;2.3%;1.8%;1.3%;1.9%;1.9%;1.6%;. .;. .;. .;. .;. .;2.6%;4.6%;4.7%;4.3%;;;;;;;;;;;;;;;;;;;;;;;;;;;;;;;;;;;;;;;;;;
Philippines                   ;57;2.5%;2.2%;2.1%;2.0%;2.0%;2.2%;2.2%;2.3%;2.3%;1.9%;1.7%;1.6%;1.6%;1.5%;1.5%;1.6%;1.4%;1.3%;1.3%;1.3%;1.3%;1.3%;1.2%;1.2%;1.2%;1.2%;1.1%;;;;;;;;;;;;;;;;;;;;;;;;;;;;;;;;;;;;;;;;;;
Singapore                     ;;4.8%;4.7%;4.9%;4.7%;4.7%;4.3%;4.0%;4.4%;4.4%;4.6%;5.4%;5.3%;4.6%;4.9%;5.0%;4.9%;4.5%;4.4%;4.0%;3.7%;3.9%;4.0%;3.5%;3.3%;3.2%;3.2%;3.3%;;;;;;;;;;;;;;;;;;;;;;;;;;;;;;;;;;;;;;;;;;
Taiwan                        ;;5.3%;5.3%;5.3%;5.0%;4.8%;5.0%;4.7%;4.2%;4.1%;3.8%;3.4%;3.2%;2.7%;2.7%;2.5%;2.4%;2.3%;2.2%;2.0%;2.1%;2.2%;2.4%;2.1%;2.1%;2.2%;2.1%;2.0%;;;;;;;;;;;;;;;;;;;;;;;;;;;;;;;;;;;;;;;;;;
Thailand                      ;;2.9%;2.7%;2.6%;2.6%;2.7%;2.5%;2.5%;2.3%;2.2%;2.2%;1.9%;1.7%;1.5%;1.5%;1.4%;1.3%;1.2%;1.1%;1.2%;1.4%;1.6%;1.8%;1.6%;1.6%;1.5%;1.5%;1.5%;;;;;;;;;;;;;;;;;;;;;;;;;;;;;;;;;;;;;;;;;;
Timor Leste;58;xxx;xxx;xxx;xxx;xxx;xxx;xxx;xxx;xxx;xxx;xxx;xxx;xxx;xxx;. .;. .;. .;0.5%;0.6%;0.8%;0.5%;1.1%;0.6%;0.4%;0.6%;0.6%;0.6%;;;;;;;;;;;;;;;;;;;;;;;;;;;;;;;;;;;;;;;;;;
Viet Nam                      ;59;7.1%;7.3%;7.9%;5.6%;3.4%;2.3%;2.6%;. .;. .;. .;. .;. .;. .;. .;. .;2.1%;2.0%;1.8%;1.9%;2.3%;2.2%;2.3%;2.3%;2.0%;2.2%;2.2%;2.2%;;;;;;;;;;;;;;;;;;;;;;;;;;;;;;;;;;;;;;;;;;
South Asia;;;;;;;;;;;;;;;;;;;;;;;;;;;;;;;;;;;;;;;;;;;;;;;;;;;;;;;;;;;;;;;;;;;;;;
Afghanistan                   ;60;. .;. .;. .;. .;. .;. .;. .;. .;. .;. .;. .;. .;. .;. .;. .;2.3%;2.4%;2.0%;1.9%;2.6%;2.3%;2.1%;1.9%;1.8%;1.2%;1.0%;1.2%;;;;;;;;;;;;;;;;;;;;;;;;;;;;;;;;;;;;;;;;;;
Bangladesh                    ;;1.1%;1.1%;1.1%;1.0%;1.2%;1.2%;1.3%;1.4%;1.3%;1.4%;1.4%;1.4%;1.4%;1.3%;1.2%;1.1%;1.1%;1.1%;1.1%;1.1%;1.1%;1.1%;1.3%;1.4%;1.3%;1.3%;1.2%;;;;;;;;;;;;;;;;;;;;;;;;;;;;;;;;;;;;;;;;;;
India                         ;61;3.7%;3.5%;3.2%;3.0%;2.8%;2.9%;2.8%;2.7%;2.5%;2.7%;2.8%;3.1%;3.1%;2.9%;2.8%;2.7%;2.8%;2.8%;2.5%;2.3%;2.6%;2.9%;2.7%;2.6%;2.5%;2.5%;2.4%;;;;;;;;;;;;;;;;;;;;;;;;;;;;;;;;;;;;;;;;;;
Nepal                         ;¶;1.0%;1.0%;1.0%;1.0%;1.0%;1.0%;0.9%;0.9%;0.8%;0.8%;0.9%;0.9%;0.9%;1.1%;1.4%;1.5%;1.7%;1.8%;1.7%;1.5%;1.4%;1.5%;1.5%;1.5%;1.4%;1.4%;1.4%;;;;;;;;;;;;;;;;;;;;;;;;;;;;;;;;;;;;;;;;;;
Pakistan                      ;‡ 62;6.8%;6.5%;6.5%;6.6%;6.7%;6.4%;5.9%;5.8%;5.6%;5.3%;5.2%;4.5%;4.0%;4.1%;4.2%;4.1%;4.0%;3.9%;3.7%;3.4%;3.1%;3.1%;3.1%;3.1%;3.2%;3.2%;3.1%;;;;;;;;;;;;;;;;;;;;;;;;;;;;;;;;;;;;;;;;;;
Sri Lanka                     ;63;2.4%;1.8%;2.3%;3.1%;3.4%;3.4%;3.7%;5.9%;5.5%;4.6%;4.6%;4.0%;5.0%;4.3%;3.3%;2.9%;3.0%;2.6%;2.8%;3.3%;3.7%;3.6%;3.1%;3.0%;2.5%;2.7%;2.5%;;;;;;;;;;;;;;;;;;;;;;;;;;;;;;;;;;;;;;;;;;
Oceania;;;;;;;;;;;;;;;;;;;;;;;;;;;;;;;;;;;;;;;;;;;;;;;;;;;;;;;;;;;;;;;;;;;;;;
Australia                     ;;2.2%;2.0%;2.1%;2.2%;2.2%;2.2%;2.1%;2.0%;1.9%;1.9%;1.9%;1.9%;1.8%;1.9%;1.9%;1.8%;1.8%;1.8%;1.8%;1.8%;1.8%;1.9%;1.9%;1.8%;1.7%;1.7%;1.8%;;;;;;;;;;;;;;;;;;;;;;;;;;;;;;;;;;;;;;;;;;
Fiji                          ;† 64;2.2%;2.5%;2.3%;2.3%;2.0%;2.0%;1.8%;1.8%;1.5%;1.5%;1.4%;1.2%;1.9%;2.0%;1.7%;1.6%;1.7%;1.4%;1.7%;2.2%;1.5%;1.7%;1.6%;1.6%;1.5%;1.4%;1.2%;;;;;;;;;;;;;;;;;;;;;;;;;;;;;;;;;;;;;;;;;;
New Zealand                   ;;2.4%;2.4%;2.3%;2.3%;2.1%;1.9%;1.8%;1.8%;1.8%;1.7%;1.7%;1.6%;1.6%;1.5%;1.4%;1.4%;1.3%;1.2%;1.3%;1.3%;1.3%;1.4%;1.3%;1.3%;1.2%;1.2%;1.2%;;;;;;;;;;;;;;;;;;;;;;;;;;;;;;;;;;;;;;;;;;
Papua New Guinea              ;‡ 65;1.3%;1.5%;2.1%;1.4%;1.3%;1.4%;1.5%;1.2%;1.5%;1.6%;1.3%;1.0%;1.0%;0.8%;0.6%;0.5%;0.6%;0.6%;0.5%;0.6%;0.5%;0.6%;0.5%;0.5%;0.7%;0.5%;0.6%;;;;;;;;;;;;;;;;;;;;;;;;;;;;;;;;;;;;;;;;;;
Europe;;;;;;;;;;;;;;;;;;;;;;;;;;;;;;;;;;;;;;;;;;;;;;;;;;;;;;;;;;;;;;;;;;;;;;
Albania                       ;§ ¶ 66;5.6%;5.2%;5.9%;. .;4.9%;3.2%;2.5%;2.1%;1.4%;1.3%;1.2%;1.2%;1.2%;1.3%;1.3%;1.3%;1.4%;1.4%;1.6%;1.8%;2.0%;2.1%;1.6%;1.5%;1.5%;1.4%;1.0%;;;;;;;;;;;;;;;;;;;;;;;;;;;;;;;;;;;;;;;;;;
Armenia                       ;† 67;xxx;xxx;xxx;xxx;2.2%;2.3%;. .;4.1%;3.3%;3.9%;3.5%;3.7%;3.6%;3.1%;2.7%;2.7%;2.7%;2.9%;2.9%;3.0%;3.4%;4.2%;4.3%;3.9%;3.8%;4.3%;4.2%;;;;;;;;;;;;;;;;;;;;;;;;;;;;;;;;;;;;;;;;;;
Austria                       ;;1.3%;1.2%;1.2%;1.2%;1.1%;1.1%;1.1%;1.1%;1.0%;1.0%;1.0%;1.0%;1.0%;0.9%;0.9%;0.9%;0.9%;0.9%;0.8%;0.9%;0.9%;0.9%;0.9%;0.8%;0.8%;0.8%;0.8%;;;;;;;;;;;;;;;;;;;;;;;;;;;;;;;;;;;;;;;;;;
Azerbaijan                    ;? 68;xxx;xxx;xxx;xxx;2.4%;5.0%;1.9%;2.7%;2.3%;2.3%;2.4%;2.6%;2.3%;2.3%;2.2%;2.4%;2.6%;2.3%;3.4%;2.9%;3.3%;3.3%;2.8%;4.7%;4.7%;4.7%;4.6%;;;;;;;;;;;;;;;;;;;;;;;;;;;;;;;;;;;;;;;;;;
Belarus                       ;;xxx;xxx;xxx;xxx;1.6%;2.8%;3.6%;1.7%;1.3%;1.8%;1.5%;1.4%;1.3%;1.4%;1.4%;1.3%;1.4%;1.5%;1.7%;1.6%;1.5%;1.4%;1.4%;1.3%;1.2%;1.3%;1.2%;;;;;;;;;;;;;;;;;;;;;;;;;;;;;;;;;;;;;;;;;;
Belgium                       ;;2.6%;2.5%;2.4%;2.3%;1.8%;1.7%;1.7%;1.6%;1.5%;1.5%;1.5%;1.4%;1.4%;1.3%;1.2%;1.2%;1.2%;1.1%;1.1%;1.1%;1.2%;1.2%;1.1%;1.1%;1.1%;1.0%;1.0%;;;;;;;;;;;;;;;;;;;;;;;;;;;;;;;;;;;;;;;;;;
Bosnia-Herzegovina            ;† ¶ 69;xxx;xxx;xxx;xxx;. .;. .;. .;. .;. .;. .;. .;. .;. .;. .;3.9%;2.4%;1.9%;1.5%;1.3%;1.1%;1.1%;1.2%;1.2%;1.2%;1.2%;1.1%;1.1%;;;;;;;;;;;;;;;;;;;;;;;;;;;;;;;;;;;;;;;;;;
Bulgaria                      ;† 70;. .;4.4%;3.8%;3.0%;3.0%;2.6%;2.5%;2.4%;2.4%;2.4%;2.5%;2.7%;2.7%;2.9%;2.9%;2.8%;2.6%;2.4%;2.3%;2.5%;2.0%;2.0%;1.9%;1.5%;1.6%;1.7%;1.6%;;;;;;;;;;;;;;;;;;;;;;;;;;;;;;;;;;;;;;;;;;
Croatia                       ;71;xxx;xxx;xxx;xxx;7.6%;10.7%;11.1%;9.3%;8.3%;8.9%;6.6%;5.2%;3.1%;2.7%;2.8%;2.1%;1.8%;1.8%;1.7%;1.6%;1.8%;1.8%;1.7%;1.8%;1.7%;1.7%;1.5%;;;;;;;;;;;;;;;;;;;;;;;;;;;;;;;;;;;;;;;;;;
Cyprus                        ;† ?;5.7%;5.4%;7.4%;7.3%;9.1%;4.1%;4.0%;3.2%;4.8%;6.0%;5.1%;3.0%;3.0%;3.4%;2.3%;2.2%;2.1%;2.2%;2.1%;1.9%;1.8%;2.0%;2.1%;1.9%;1.8%;1.9%;2.0%;;;;;;;;;;;;;;;;;;;;;;;;;;;;;;;;;;;;;;;;;;
Czech Rep.                    ;72;xxx;xxx;xxx;xxx;xxx;2.3%;2.3%;1.8%;1.7%;1.7%;1.8%;1.9%;2.0%;1.8%;1.9%;2.0%;1.8%;1.9%;1.7%;1.5%;1.3%;1.4%;1.3%;1.1%;1.1%;1.0%;1.0%;;;;;;;;;;;;;;;;;;;;;;;;;;;;;;;;;;;;;;;;;;
Czechoslovakia                ;73;. .;. .;. .;. .;xxx;xxx;xxx;xxx;xxx;xxx;xxx;xxx;xxx;xxx;xxx;xxx;xxx;xxx;xxx;xxx;xxx;xxx;xxx;xxx;xxx;xxx;xxx;;;;;;;;;;;;;;;;;;;;;;;;;;;;;;;;;;;;;;;;;;
Denmark                       ;;2.1%;2.0%;2.0%;2.0%;1.9%;1.9%;1.8%;1.7%;1.7%;1.6%;1.6%;1.6%;1.5%;1.6%;1.5%;1.5%;1.5%;1.3%;1.4%;1.3%;1.4%;1.4%;1.4%;1.4%;1.4%;1.3%;1.3%;;;;;;;;;;;;;;;;;;;;;;;;;;;;;;;;;;;;;;;;;;
Estonia                       ;? 74;xxx;xxx;xxx;xxx;. .;0.8%;1.0%;1.0%;0.9%;1.0%;1.1%;1.3%;1.4%;1.5%;1.7%;1.7%;1.7%;1.9%;1.9%;2.1%;2.1%;2.3%;1.8%;1.7%;2.0%;2.0%;2.0%;;;;;;;;;;;;;;;;;;;;;;;;;;;;;;;;;;;;;;;;;;
Finland                       ;;1.6%;1.5%;1.6%;1.8%;1.9%;1.9%;1.8%;1.5%;1.6%;1.6%;1.5%;1.3%;1.3%;1.2%;1.2%;1.4%;1.4%;1.4%;1.4%;1.2%;1.3%;1.5%;1.4%;1.4%;1.5%;1.5%;1.4%;;;;;;;;;;;;;;;;;;;;;;;;;;;;;;;;;;;;;;;;;;
France                        ;75;3.6%;3.5%;3.4%;3.4%;3.3%;3.3%;3.3%;3.0%;2.9%;2.9%;2.7%;2.7%;2.5%;2.5%;2.5%;2.6%;2.6%;2.5%;2.4%;2.3%;2.3%;2.6%;2.4%;2.3%;2.3%;2.3%;2.2%;;;;;;;;;;;;;;;;;;;;;;;;;;;;;;;;;;;;;;;;;;
Georgia                       ;† 76;xxx;xxx;xxx;xxx;. .;. .;. .;. .;2.2%;1.3%;1.1%;0.9%;0.6%;0.7%;1.0%;1.1%;1.4%;3.3%;5.2%;9.2%;8.5%;5.6%;3.9%;3.2%;3.1%;2.5%;2.3%;;;;;;;;;;;;;;;;;;;;;;;;;;;;;;;;;;;;;;;;;;
German DR                     ;77;. .;. .;xxx;xxx;xxx;xxx;xxx;xxx;xxx;xxx;xxx;xxx;xxx;xxx;xxx;xxx;xxx;xxx;xxx;xxx;xxx;xxx;xxx;xxx;xxx;xxx;xxx;;;;;;;;;;;;;;;;;;;;;;;;;;;;;;;;;;;;;;;;;;
Germany                       ;;2.8%;2.7%;2.7%;2.2%;2.0%;1.9%;1.7%;1.6%;1.6%;1.5%;1.5%;1.5%;1.5%;1.5%;1.5%;1.4%;1.4%;1.4%;1.3%;1.3%;1.3%;1.4%;1.4%;1.3%;1.4%;1.3%;1.2%;;;;;;;;;;;;;;;;;;;;;;;;;;;;;;;;;;;;;;;;;;
Greece                        ;78;4.2%;3.8%;3.8%;3.5%;3.6%;3.6%;3.6%;3.2%;3.3%;3.4%;3.5%;3.6%;3.6%;3.4%;3.2%;2.6%;2.7%;2.9%;2.9%;2.8%;3.1%;3.3%;2.8%;2.5%;2.4%;2.5%;2.2%;;;;;;;;;;;;;;;;;;;;;;;;;;;;;;;;;;;;;;;;;;
Hungary                       ;;3.8%;3.1%;2.8%;2.4%;2.4%;2.2%;2.1%;1.6%;1.5%;1.7%;1.5%;1.7%;1.7%;1.8%;1.6%;1.7%;1.5%;1.4%;1.3%;1.3%;1.2%;1.2%;1.1%;1.1%;1.1%;0.9%;0.9%;;;;;;;;;;;;;;;;;;;;;;;;;;;;;;;;;;;;;;;;;;
Iceland;† 79;. .;. .;. .;. .;. .;. .;. .;. .;. .;. .;. .;. .;. .;. .;. .;. .;. .;. .;. .;. .;. .;0.2%;0.2%;0.1%;0.1%;. .;. .;;;;;;;;;;;;;;;;;;;;;;;;;;;;;;;;;;;;;;;;;;
Ireland                       ;;1.2%;1.1%;1.3%;1.3%;1.2%;1.2%;1.2%;1.0%;1.0%;0.9%;0.8%;0.8%;0.7%;0.7%;0.6%;0.6%;0.6%;0.5%;0.5%;0.5%;0.6%;0.6%;0.6%;0.5%;0.5%;0.5%;0.5%;;;;;;;;;;;;;;;;;;;;;;;;;;;;;;;;;;;;;;;;;;
Italy                         ;80;2.3%;2.3%;2.1%;2.1%;2.0%;2.0%;1.9%;1.7%;1.9%;1.9%;1.9%;2.0%;2.0%;2.0%;2.0%;2.0%;2.0%;1.9%;1.8%;1.7%;1.8%;1.8%;1.8%;1.7%;1.7%;1.6%;1.5%;;;;;;;;;;;;;;;;;;;;;;;;;;;;;;;;;;;;;;;;;;
Latvia                        ;81;xxx;xxx;xxx;xxx;. .;0.7%;0.8%;0.9%;0.7%;0.6%;0.6%;0.8%;0.9%;1.1%;1.6%;1.7%;1.7%;1.7%;1.9%;1.7%;1.7%;1.4%;1.1%;1.0%;0.9%;0.9%;0.9%;;;;;;;;;;;;;;;;;;;;;;;;;;;;;;;;;;;;;;;;;;
Lithuania                     ;;xxx;xxx;xxx;xxx;. .;0.8%;0.5%;0.5%;0.5%;0.7%;1.2%;1.0%;1.2%;1.4%;1.3%;1.1%;1.2%;1.2%;1.2%;1.1%;1.1%;1.1%;0.9%;0.8%;0.8%;0.8%;0.8%;;;;;;;;;;;;;;;;;;;;;;;;;;;;;;;;;;;;;;;;;;
Luxembourg                    ;;1.1%;0.9%;0.9%;0.9%;0.9%;0.8%;0.8%;0.7%;0.7%;0.7%;0.7%;0.7%;0.6%;0.8%;0.7%;0.7%;0.7%;0.6%;0.6%;0.6%;0.5%;0.6%;0.6%;0.5%;0.5%;0.5%;0.5%;;;;;;;;;;;;;;;;;;;;;;;;;;;;;;;;;;;;;;;;;;
Macedonia, FYR                ;82;xxx;xxx;xxx;xxx;. .;. .;. .;. .;3.0%;2.2%;2.2%;1.8%;1.9%;6.6%;2.8%;2.4%;2.5%;2.1%;1.9%;2.0%;1.8%;1.7%;1.4%;1.3%;1.2%;1.2%;1.3%;;;;;;;;;;;;;;;;;;;;;;;;;;;;;;;;;;;;;;;;;;
Malta                         ;† ?;1.3%;1.2%;1.0%;0.9%;1.0%;1.0%;1.1%;0.9%;0.9%;0.9%;0.8%;0.7%;0.7%;0.7%;0.7%;0.7%;0.8%;0.9%;0.7%;0.7%;0.6%;0.7%;0.7%;0.6%;0.6%;0.6%;0.6%;;;;;;;;;;;;;;;;;;;;;;;;;;;;;;;;;;;;;;;;;;
Moldova                       ;† ¶ 83;. .;. .;. .;. .;. .;0.5%;0.8%;0.9%;0.9%;0.9%;0.6%;0.5%;0.4%;0.4%;0.4%;0.4%;0.4%;0.4%;0.5%;0.5%;0.6%;0.5%;0.3%;0.3%;0.3%;0.3%;0.4%;;;;;;;;;;;;;;;;;;;;;;;;;;;;;;;;;;;;;;;;;;
Montenegro                    ;84;xxx;xxx;xxx;xxx;xxx;xxx;xxx;xxx;xxx;xxx;xxx;xxx;xxx;xxx;xxx;xxx;xxx;xxx;2.3%;1.7%;1.9%;1.9%;1.8%;1.8%;1.7%;1.5%;1.7%;;;;;;;;;;;;;;;;;;;;;;;;;;;;;;;;;;;;;;;;;;
Netherlands                   ;;2.8%;2.7%;2.5%;2.4%;2.4%;2.2%;2.0%;1.9%;1.9%;1.8%;1.7%;1.7%;1.5%;1.5%;1.5%;1.6%;1.5%;1.5%;1.5%;1.5%;1.4%;1.5%;1.4%;1.4%;1.3%;1.3%;1.2%;;;;;;;;;;;;;;;;;;;;;;;;;;;;;;;;;;;;;;;;;;
Norway                        ;;2.9%;2.9%;2.9%;2.7%;3.0%;2.7%;2.7%;2.4%;2.2%;2.1%;2.2%;2.1%;1.7%;1.7%;2.1%;2.0%;1.9%;1.6%;1.5%;1.5%;1.4%;1.6%;1.5%;1.5%;1.4%;1.4%;1.4%;;;;;;;;;;;;;;;;;;;;;;;;;;;;;;;;;;;;;;;;;;
Poland                        ;85;2.5%;1.8%;2.6%;2.3%;2.2%;2.5%;2.3%;2.0%;2.0%;2.0%;2.0%;1.9%;1.8%;1.9%;1.9%;1.9%;1.9%;1.9%;1.9%;2.0%;1.8%;1.8%;1.9%;1.8%;1.8%;1.8%;1.9%;;;;;;;;;;;;;;;;;;;;;;;;;;;;;;;;;;;;;;;;;;
Portugal                      ;;2.5%;2.5%;2.4%;2.4%;2.4%;2.4%;2.2%;2.3%;2.1%;2.1%;1.9%;1.9%;1.9%;1.9%;2.0%;1.9%;2.0%;2.1%;2.0%;1.9%;1.9%;2.1%;2.1%;2.1%;2.0%;2.2%;1.9%;;;;;;;;;;;;;;;;;;;;;;;;;;;;;;;;;;;;;;;;;;
Romania                       ;?;4.3%;4.7%;4.6%;4.8%;4.3%;2.7%;3.1%;2.6%;2.4%;3.0%;3.0%;2.7%;2.5%;2.4%;2.3%;2.1%;2.0%;2.0%;1.8%;1.5%;1.5%;1.4%;1.3%;1.3%;1.4%;1.3%;1.3%;;;;;;;;;;;;;;;;;;;;;;;;;;;;;;;;;;;;;;;;;;
Russia/USSR                     ;86;. .;. .;. .;. .;4.9%;4.6%;4.9%;4.1%;4.1%;4.3%;3.0%;3.3%;3.6%;3.8%;4.1%;3.9%;3.5%;3.6%;3.5%;3.4%;3.3%;4.1%;3.8%;3.7%;4.0%;4.2%;4.5%;;;;;;;;;;;;;;;;;;;;;;;;;;;;;;;;;;;;;;;;;;
Serbia                        ;87;xxx;xxx;xxx;xxx;. .;. .;. .;. .;. .;4.5%;4.0%;4.2%;5.5%;4.3%;4.5%;3.7%;3.1%;2.5%;2.4%;2.5%;2.3%;2.4%;2.4%;2.3%;2.2%;2.2%;2.3%;;;;;;;;;;;;;;;;;;;;;;;;;;;;;;;;;;;;;;;;;;
Slovak Rep.                   ;† ?;xxx;xxx;xxx;xxx;xxx;2.0%;1.9%;3.2%;3.0%;2.3%;1.8%;1.6%;1.7%;1.9%;1.8%;1.9%;1.7%;1.7%;1.6%;1.5%;1.5%;1.5%;1.3%;1.1%;1.1%;1.0%;1.0%;;;;;;;;;;;;;;;;;;;;;;;;;;;;;;;;;;;;;;;;;;
Slovenia                      ;?;xxx;xxx;xxx;xxx;2.2%;1.8%;1.7%;1.6%;1.5%;1.4%;1.4%;1.2%;1.1%;1.3%;1.4%;1.4%;1.4%;1.4%;1.5%;1.4%;1.5%;1.6%;1.6%;1.3%;1.2%;1.1%;1.0%;;;;;;;;;;;;;;;;;;;;;;;;;;;;;;;;;;;;;;;;;;
Spain                         ;;2.0%;2.0%;1.8%;1.7%;1.5%;1.7%;1.5%;1.4%;1.4%;1.3%;1.3%;1.2%;1.2%;1.2%;1.2%;1.1%;1.1%;1.0%;1.2%;1.2%;1.2%;1.2%;1.1%;1.0%;1.1%;0.9%;0.9%;;;;;;;;;;;;;;;;;;;;;;;;;;;;;;;;;;;;;;;;;;
Sweden                        ;88;2.6%;2.5%;2.6%;2.5%;2.4%;2.5%;2.4%;2.3%;2.2%;2.1%;2.0%;2.0%;1.9%;1.8%;1.7%;1.7%;1.5%;1.5%;1.4%;1.4%;1.2%;1.2%;1.3%;1.2%;1.2%;1.2%;1.2%;;;;;;;;;;;;;;;;;;;;;;;;;;;;;;;;;;;;;;;;;;
Switzerland                   ;† ¶ 89;1.7%;1.6%;1.7%;1.6%;1.6%;1.4%;1.4%;1.4%;1.4%;1.3%;1.3%;1.2%;1.1%;1.1%;1.0%;1.0%;0.9%;0.9%;0.8%;0.8%;0.8%;0.8%;0.7%;0.8%;0.7%;0.8%;0.8%;;;;;;;;;;;;;;;;;;;;;;;;;;;;;;;;;;;;;;;;;;
UK                            ;90;4.0%;3.9%;3.8%;3.9%;3.7%;3.4%;3.2%;2.9%;2.8%;2.6%;2.5%;2.4%;2.4%;2.4%;2.4%;2.5%;2.4%;2.4%;2.3%;2.3%;2.4%;2.6%;2.5%;2.4%;2.4%;2.2%;2.2%;;;;;;;;;;;;;;;;;;;;;;;;;;;;;;;;;;;;;;;;;;
Ukraine                       ;§ 91;xxx;xxx;xxx;xxx;. .;0.5%;2.5%;2.8%;3.3%;4.1%;3.4%;3.0%;3.6%;2.9%;2.8%;2.8%;2.6%;2.8%;2.8%;2.9%;2.7%;2.9%;2.7%;2.3%;2.3%;2.4%;3.1%;;;;;;;;;;;;;;;;;;;;;;;;;;;;;;;;;;;;;;;;;;
Yugoslavia (former)           ;92;. .;. .;. .;. .;xxx;xxx;xxx;xxx;xxx;xxx;xxx;xxx;xxx;xxx;xxx;xxx;xxx;xxx;xxx;xxx;xxx;xxx;xxx;xxx;xxx;xxx;xxx;;;;;;;;;;;;;;;;;;;;;;;;;;;;;;;;;;;;;;;;;;
Middle East;;;;;;;;;;;;;;;;;;;;;;;;;;;;;;;;;;;;;;;;;;;;;;;;;;;;;;;;;;;;;;;;;;;;;;
Bahrain                       ;93;5.6%;5.6%;5.3%;5.7%;5.9%;5.4%;5.1%;5.2%;5.3%;5.1%;5.3%;5.5%;4.0%;4.2%;4.6%;4.7%;4.1%;3.2%;3.1%;3.0%;2.8%;3.6%;3.3%;3.6%;3.9%;4.1%;4.2%;;;;;;;;;;;;;;;;;;;;;;;;;;;;;;;;;;;;;;;;;;
Egypt                         ;;6.5%;5.1%;4.7%;4.8%;4.5%;4.3%;4.2%;3.9%;3.5%;3.3%;3.3%;3.2%;3.2%;3.3%;3.4%;3.3%;3.0%;2.9%;2.7%;2.5%;2.3%;2.1%;2.1%;1.9%;1.8%;1.6%;1.6%;;;;;;;;;;;;;;;;;;;;;;;;;;;;;;;;;;;;;;;;;;
Iran                          ;94;6.3%;4.6%;3.2%;2.4%;1.9%;1.8%;2.3%;2.4%;2.5%;2.8%;2.9%;2.7%;2.5%;2.7%;2.4%;2.7%;3.1%;3.3%;3.6%;3.0%;3.1%;3.5%;3.2%;2.5%;2.3%;. .;. .;;;;;;;;;;;;;;;;;;;;;;;;;;;;;;;;;;;;;;;;;;
Iraq                          ;95;. .;. .;. .;. .;. .;. .;. .;. .;. .;. .;. .;. .;. .;. .;. .;. .;1.7%;2.2%;1.9%;2.2%;2.2%;2.7%;2.6%;3.3%;2.9%;3.5%;4.2%;;;;;;;;;;;;;;;;;;;;;;;;;;;;;;;;;;;;;;;;;;
Israel                        ;96;17.8%;13.3%;14.7%;14.6%;12.3%;13.0%;11.3%;8.9%;8.7%;8.5%;7.9%;7.4%;7.1%;7.4%;8.3%;8.5%;8.2%;7.6%;7.5%;6.8%;6.6%;6.8%;6.3%;6.0%;5.7%;5.8%;5.2%;;;;;;;;;;;;;;;;;;;;;;;;;;;;;;;;;;;;;;;;;;
Jordan                        ;;9.4%;9.1%;7.8%;10.0%;6.9%;7.0%;6.5%;4.5%;6.0%;6.1%;6.3%;6.3%;6.3%;5.9%;5.4%;6.0%;5.1%;4.8%;4.7%;6.0%;6.1%;5.9%;5.0%;4.8%;4.0%;3.5%;3.5%;;;;;;;;;;;;;;;;;;;;;;;;;;;;;;;;;;;;;;;;;;
Kuwait                        ;;8.2%;8.5%;48.5%;117.3%;31.8%;12.4%;13.3%;13.6%;10.3%;8.1%;8.8%;7.6%;7.2%;7.7%;7.4%;6.5%;5.8%;4.3%;3.5%;3.6%;3.0%;4.0%;3.6%;3.4%;3.2%;3.1%;. .;;;;;;;;;;;;;;;;;;;;;;;;;;;;;;;;;;;;;;;;;;
Lebanon                       ;;. .;. .;. .;. .;. .;. .;. .;. .;. .;4.3%;4.0%;4.8%;5.4%;5.4%;4.7%;4.6%;4.6%;4.5%;4.6%;4.7%;4.1%;4.1%;4.2%;4.1%;4.1%;4.0%;4.5%;;;;;;;;;;;;;;;;;;;;;;;;;;;;;;;;;;;;;;;;;;
Oman                          ;‡ 97;18.3%;16.7%;16.5%;14.8%;16.2%;15.4%;15.7%;14.6%;12.5%;12.5%;12.6%;11.5%;10.8%;12.5%;12.4%;12.2%;12.1%;11.8%;10.8%;10.3%;7.6%;9.3%;8.3%;9.6%;15.9%;14.8%;11.6%;;;;;;;;;;;;;;;;;;;;;;;;;;;;;;;;;;;;;;;;;;
Qatar                         ;;16.3%;13.1%;10.7%;13.0%;. .;. .;. .;. .;. .;. .;. .;. .;. .;. .;3.9%;3.3%;2.4%;2.0%;1.8%;2.0%;2.0%;2.0%;1.5%;. .;. .;. .;. .;;;;;;;;;;;;;;;;;;;;;;;;;;;;;;;;;;;;;;;;;;
Saudi Arabia                  ;§ 98;15.2%;13.4%;14.0%;12.5%;11.3%;12.5%;10.6%;9.3%;8.5%;11.0%;14.3%;11.4%;10.6%;11.5%;9.8%;8.7%;8.1%;7.7%;7.8%;8.5%;7.4%;9.6%;8.6%;7.2%;7.7%;9.0%;10.4%;;;;;;;;;;;;;;;;;;;;;;;;;;;;;;;;;;;;;;;;;;
Syria                         ;99;7.3%;7.4%;6.4%;9.7%;8.4%;6.7%;7.2%;6.9%;6.0%;5.9%;5.8%;5.8%;5.5%;5.5%;5.4%;6.2%;5.5%;5.0%;4.4%;4.1%;3.6%;4.0%;4.1%;. .;. .;. .;. .;;;;;;;;;;;;;;;;;;;;;;;;;;;;;;;;;;;;;;;;;;
Turkey                        ;?;2.9%;3.1%;3.5%;3.8%;3.9%;3.9%;4.1%;3.9%;4.1%;4.1%;3.3%;4.0%;3.7%;3.7%;3.9%;3.4%;2.8%;2.5%;2.5%;2.3%;2.3%;2.6%;2.4%;2.2%;2.3%;2.2%;2.2%;;;;;;;;;;;;;;;;;;;;;;;;;;;;;;;;;;;;;;;;;;
UAE                           ;100;. .;. .;. .;. .;. .;. .;. .;. .;. .;6.8%;8.6%;7.7%;8.3%;5.6%;4.9%;4.7%;4.6%;3.7%;3.2%;3.3%;3.7%;5.1%;5.7%;5.2%;4.8%;5.5%;5.1%;;;;;;;;;;;;;;;;;;;;;;;;;;;;;;;;;;;;;;;;;;
Yemen                         ;101;xxx;xxx;6.2%;6.6%;6.8%;6.6%;7.9%;6.0%;5.0%;5.5%;5.7%;4.9%;4.4%;4.8%;6.0%;6.0%;4.7%;4.3%;3.6%;4.1%;3.9%;5.0%;4.6%;5.1%;4.9%;4.4%;4.1%;;;;;;;;;;;;;;;;;;;;;;;;;;;;;;;;;;;;;;;;;;
Yemen, North                  ;102;. .;. .;xxx;xxx;xxx;xxx;xxx;xxx;xxx;xxx;xxx;xxx;xxx;xxx;xxx;xxx;xxx;xxx;xxx;xxx;xxx;xxx;xxx;xxx;xxx;xxx;xxx;;;;;;;;;;;;;;;;;;;;;;;;;;;;;;;;;;;;;;;;;;
Yemen, South                  ;;. .;. .;xxx;xxx;xxx;xxx;xxx;xxx;xxx;xxx;xxx;xxx;xxx;xxx;xxx;xxx;xxx;xxx;xxx;xxx;xxx;xxx;xxx;xxx;xxx;xxx;xxx;;;;;;;;;;;;;;;;;;;;;;;;;;;;;;;;;;;;;;;;;;
;;;;;;;;;;;;;;;;;;;;;;;;;;;;;;;;;;;;;;;;;;;;;;;;;;;;;;;;;;;;;;;;;;;;;;
Numbered footnotes can be found on the Footnotes worksheet.;;;;;;;;;;;;;;;;;;;;;;;;;;;;;;;;;;;;;;;;;;;;;;;;;;;;;;;;;;;;;;;;;;;;;;
† Figures for these countries do not include military pensions;;;;;;;;;;;;;;;;;;;;;;;;;;;;;;;;;;;;;;;;;;;;;;;;;;;;;;;;;;;;;;;;;;;;;;
‡  Figures for these countries are for current spending only  (i.e. exclude capital spending);;;;;;;;;;;;;;;;;;;;;;;;;;;;;;;;;;;;;;;;;;;;;;;;;;;;;;;;;;;;;;;;;;;;;;
§ Figures for these countries are for the adopted budget, rather than actual expenditure;;;;;;;;;;;;;;;;;;;;;;;;;;;;;;;;;;;;;;;;;;;;;;;;;;;;;;;;;;;;;;;;;;;;;;
¶ Figures for these countries do not include spending on paramilitary forces;;;;;;;;;;;;;;;;;;;;;;;;;;;;;;;;;;;;;;;;;;;;;;;;;;;;;;;;;;;;;;;;;;;;;;
"? This country changed or redenominated its currency during the period; all current price local currency figures have been converted to the latest currency.";;;;;;;;;;;;;;;;;;;;;;;;;;;;;;;;;;;;;;;;;;;;;;;;;;;;;;;;;;;;;;;;;;;;;;
The symbols;and;between two parts of a series for a country indicate a series break, where data before the red lines may not be consistent with data after.;;;;;;;;;;;;;;;;;;;;;;;;;;;;;;;;;;;;;;;;;;;;;;;;;;;;;;;;;;;;;;;;;;;;
